"page_id","name","urlslug","ID","ALIGN","EYE","HAIR","SEX","GSM","ALIVE","APPEARANCES","FIRST APPEARANCE","Year"
1678,"Spider-Man (Peter Parker)","\/Spider-Man_(Peter_Parker)","Secret Identity","Good Characters","Hazel Eyes","Brown Hair","Male Characters",NA,"Living Characters",4043,"Aug-62",1962
7139,"Captain America (Steven Rogers)","\/Captain_America_(Steven_Rogers)","Public Identity","Good Characters","Blue Eyes","White Hair","Male Characters",NA,"Living Characters",3360,"Mar-41",1941
64786,"Wolverine (James \""Logan\"" Howlett)","\/Wolverine_(James_%22Logan%22_Howlett)","Public Identity","Neutral Characters","Blue Eyes","Black Hair","Male Characters",NA,"Living Characters",3061,"Oct-74",1974
1868,"Iron Man (Anthony \""Tony\"" Stark)","\/Iron_Man_(Anthony_%22Tony%22_Stark)","Public Identity","Good Characters","Blue Eyes","Black Hair","Male Characters",NA,"Living Characters",2961,"Mar-63",1963
2460,"Thor (Thor Odinson)","\/Thor_(Thor_Odinson)","No Dual Identity","Good Characters","Blue Eyes","Blond Hair","Male Characters",NA,"Living Characters",2258,"Nov-50",1950
2458,"Benjamin Grimm (Earth-616)","\/Benjamin_Grimm_(Earth-616)","Public Identity","Good Characters","Blue Eyes","No Hair","Male Characters",NA,"Living Characters",2255,"Nov-61",1961
2166,"Reed Richards (Earth-616)","\/Reed_Richards_(Earth-616)","Public Identity","Good Characters","Brown Eyes","Brown Hair","Male Characters",NA,"Living Characters",2072,"Nov-61",1961
1833,"Hulk (Robert Bruce Banner)","\/Hulk_(Robert_Bruce_Banner)","Public Identity","Good Characters","Brown Eyes","Brown Hair","Male Characters",NA,"Living Characters",2017,"May-62",1962
29481,"Scott Summers (Earth-616)","\/Scott_Summers_(Earth-616)","Public Identity","Neutral Characters","Brown Eyes","Brown Hair","Male Characters",NA,"Living Characters",1955,"Sep-63",1963
1837,"Jonathan Storm (Earth-616)","\/Jonathan_Storm_(Earth-616)","Public Identity","Good Characters","Blue Eyes","Blond Hair","Male Characters",NA,"Living Characters",1934,"Nov-61",1961
15725,"Henry McCoy (Earth-616)","\/Henry_McCoy_(Earth-616)","Public Identity","Good Characters","Blue Eyes","Blue Hair","Male Characters",NA,"Living Characters",1825,"Sep-63",1963
1863,"Susan Storm (Earth-616)","\/Susan_Storm_(Earth-616)","Public Identity","Good Characters","Blue Eyes","Blond Hair","Female Characters",NA,"Living Characters",1713,"Nov-61",1961
7823,"Namor McKenzie (Earth-616)","\/Namor_McKenzie_(Earth-616)","No Dual Identity","Neutral Characters","Green Eyes","Black Hair","Male Characters",NA,"Living Characters",1528,NA,NA
2614,"Ororo Munroe (Earth-616)","\/Ororo_Munroe_(Earth-616)","Public Identity","Good Characters","Blue Eyes","White Hair","Female Characters",NA,"Living Characters",1512,"May-75",1975
1803,"Clinton Barton (Earth-616)","\/Clinton_Barton_(Earth-616)","Public Identity","Good Characters","Blue Eyes","Blond Hair","Male Characters",NA,"Living Characters",1394,"Sep-64",1964
1396,"Matthew Murdock (Earth-616)","\/Matthew_Murdock_(Earth-616)","Public Identity","Good Characters","Blue Eyes","Red Hair","Male Characters",NA,"Living Characters",1338,"Apr-64",1964
55534,"Stephen Strange (Earth-616)","\/Stephen_Strange_(Earth-616)","Public Identity","Good Characters","Grey Eyes","Black Hair","Male Characters",NA,"Living Characters",1307,"Jul-63",1963
1978,"Mary Jane Watson (Earth-616)","\/Mary_Jane_Watson_(Earth-616)","No Dual Identity","Good Characters","Green Eyes","Red Hair","Female Characters",NA,"Living Characters",1304,"Jun-65",1965
1872,"John Jonah Jameson (Earth-616)","\/John_Jonah_Jameson_(Earth-616)","No Dual Identity","Neutral Characters","Blue Eyes","Black Hair","Male Characters",NA,"Living Characters",1266,"Mar-63",1963
35350,"Robert Drake (Earth-616)","\/Robert_Drake_(Earth-616)","Secret Identity","Good Characters","Brown Eyes","Brown Hair","Male Characters",NA,"Living Characters",1265,"Sep-63",1963
1557,"Henry Pym (Earth-616)","\/Henry_Pym_(Earth-616)","Public Identity","Good Characters","Blue Eyes","Blond Hair","Male Characters",NA,"Living Characters",1237,"Jan-62",1962
65255,"Charles Xavier (Earth-616)","\/Charles_Xavier_(Earth-616)","Public Identity","Good Characters","Blue Eyes","Bald","Male Characters",NA,"Deceased Characters",1233,"Sep-63",1963
1073,"Warren Worthington III (Earth-616)","\/Warren_Worthington_III_(Earth-616)","Public Identity","Good Characters","Blue Eyes","Blond Hair","Male Characters",NA,"Living Characters",1230,"Sep-63",1963
1346,"Piotr Rasputin (Earth-616)","\/Piotr_Rasputin_(Earth-616)","Secret Identity","Good Characters","Blue Eyes","Black Hair","Male Characters",NA,"Living Characters",1162,"May-75",1975
2512,"Wanda Maximoff (Earth-616)","\/Wanda_Maximoff_(Earth-616)","Public Identity","Good Characters","Green Eyes","Brown Hair","Female Characters",NA,"Living Characters",1161,"Mar-64",1964
1671,"Nicholas Fury (Earth-616)","\/Nicholas_Fury_(Earth-616)","No Dual Identity","Neutral Characters","Brown Eyes","Brown Hair","Male Characters",NA,"Living Characters",1137,"May-63",1963
1976,"Janet van Dyne (Earth-616)","\/Janet_van_Dyne_(Earth-616)","Public Identity","Good Characters","Blue Eyes","Auburn Hair","Female Characters",NA,"Living Characters",1120,"Jun-63",1963
65219,"Jean Grey (Earth-616)","\/Jean_Grey_(Earth-616)","Public Identity","Good Characters","Green Eyes","Red Hair","Female Characters",NA,"Deceased Characters",1107,"Sep-63",1963
6545,"Natalia Romanova (Earth-616)","\/Natalia_Romanova_(Earth-616)","Public Identity","Good Characters","Green Eyes","Red Hair","Female Characters","Bisexual Characters","Living Characters",1050,"Apr-64",1964
2223,"Kurt Wagner (Earth-616)","\/Kurt_Wagner_(Earth-616)","Secret Identity","Good Characters","Yellow Eyes","Blue Hair","Male Characters",NA,"Living Characters",1047,"May-75",1975
2414,"Vision (Earth-616)","\/Vision_(Earth-616)","Secret Identity","Good Characters","Gold Eyes","No Hair","Male Characters",NA,"Living Characters",1007,"Oct-68",1968
8650,"May Reilly (Earth-616)","\/May_Reilly_(Earth-616)","No Dual Identity","Good Characters","Blue Eyes","Grey Hair","Female Characters",NA,"Living Characters",1000,"Aug-62",1962
2527,"Katherine Pryde (Earth-616)","\/Katherine_Pryde_(Earth-616)","Secret Identity","Good Characters","Hazel Eyes","Brown Hair","Female Characters",NA,"Living Characters",886,"Jan-80",1980
1970,"Carol Danvers (Earth-616)","\/Carol_Danvers_(Earth-616)","Public Identity","Good Characters","Blue Eyes","Blond Hair","Female Characters",NA,"Living Characters",881,"Mar-68",1968
37690,"Jennifer Walters (Earth-616)","\/Jennifer_Walters_(Earth-616)","Public Identity","Good Characters","Green Eyes","Brown Hair","Female Characters",NA,"Living Characters",881,"Feb-80",1980
3765,"Emma Frost (Earth-616)","\/Emma_Frost_(Earth-616)","Public Identity","Neutral Characters","Blue Eyes","Brown Hair","Female Characters",NA,"Living Characters",880,"Jan-80",1980
2312,"Frank Castle (Earth-616)","\/Frank_Castle_(Earth-616)","Public Identity","Neutral Characters","Blue Eyes","Black Hair","Male Characters",NA,"Living Characters",878,"Feb-74",1974
1265,"Luke Cage (Earth-616)","\/Luke_Cage_(Earth-616)","No Dual Identity","Good Characters","Brown Eyes","Black Hair","Male Characters",NA,"Living Characters",856,"Jun-72",1972
1677,"Rogue (Anna Marie) (Earth-616)","\/Rogue_(Anna_Marie)_(Earth-616)","Secret Identity","Good Characters","Green Eyes","Auburn Hair","Female Characters",NA,"Living Characters",850,NA,NA
25222,"Conan (Earth-616)","\/Conan_(Earth-616)","No Dual Identity","Neutral Characters","Blue Eyes","Black Hair","Male Characters",NA,"Living Characters",787,"Oct-70",1970
6537,"Joseph Robertson (Earth-616)","\/Joseph_Robertson_(Earth-616)","No Dual Identity","Good Characters","Brown Eyes","White Hair","Male Characters",NA,"Living Characters",752,"Aug-67",1967
1592,"Pietro Maximoff (Earth-616)","\/Pietro_Maximoff_(Earth-616)","Public Identity","Good Characters","Blue Eyes","Silver Hair","Male Characters",NA,"Living Characters",740,"Mar-64",1964
1818,"Hercules (Earth-616)","\/Hercules_(Earth-616)","No Dual Identity","Good Characters","Blue Eyes","Brown Hair","Male Characters","Bisexual Characters","Living Characters",725,"Oct-65",1965
1448,"Victor von Doom (Earth-616)","\/Victor_von_Doom_(Earth-616)","Public Identity","Bad Characters","Brown Eyes","Brown Hair","Male Characters",NA,"Living Characters",721,"Jul-62",1962
2081,"Max Eisenhardt (Earth-616)","\/Max_Eisenhardt_(Earth-616)","Public Identity","Neutral Characters","Grey Eyes","Bald","Male Characters",NA,"Living Characters",709,"Sep-63",1963
2307,"Elizabeth Braddock (Earth-616)","\/Elizabeth_Braddock_(Earth-616)","Secret Identity","Neutral Characters","Blue Eyes","Purple Hair","Female Characters","Bisexual Characters","Living Characters",708,"Dec-76",1976
2556,"Norrin Radd (Earth-616)","\/Norrin_Radd_(Earth-616)","Public Identity","Good Characters","Blue Eyes","Bald","Male Characters",NA,"Living Characters",696,"Mar-66",1966
1740,"Norman Osborn (Earth-616)","\/Norman_Osborn_(Earth-616)","Public Identity","Bad Characters","Blue Eyes","Auburn Hair","Male Characters",NA,"Living Characters",692,"Jul-64",1964
8651,"Eugene Thompson (Earth-616)","\/Eugene_Thompson_(Earth-616)","Secret Identity","Good Characters","Blue Eyes","Strawberry Blond Hair","Male Characters",NA,"Living Characters",689,"Aug-62",1962
2009,"Simon Williams (Earth-616)","\/Simon_Williams_(Earth-616)","Public Identity","Good Characters","Red Eyes","Grey Hair","Male Characters",NA,"Living Characters",686,"Oct-64",1964
1276,"Samuel Guthrie (Earth-616)","\/Samuel_Guthrie_(Earth-616)","Secret Identity","Good Characters","Blue Eyes","Blond Hair","Male Characters",NA,"Living Characters",657,"Nov-82",1982
15823,"James Buchanan Barnes (Earth-616)","\/James_Buchanan_Barnes_(Earth-616)","Secret Identity","Good Characters","Brown Eyes","Brown Hair","Male Characters",NA,"Living Characters",641,"Mar-41",1941
1680,"Remy LeBeau (Earth-616)","\/Remy_LeBeau_(Earth-616)","Secret Identity","Good Characters","Black Eyeballs","Brown Hair","Male Characters",NA,"Living Characters",636,"Jul-90",1990
1866,"Daniel Rand (Earth-616)","\/Daniel_Rand_(Earth-616)","Secret Identity","Good Characters","Blue Eyes","Blond Hair","Male Characters",NA,"Living Characters",618,"May-74",1974
32498,"Nathan Summers (Earth-616)","\/Nathan_Summers_(Earth-616)","Public Identity","Neutral Characters","Blue Eyes","White Hair","Male Characters",NA,"Living Characters",612,"Jan-86",1986
1772,"Elizabeth Brant (Earth-616)","\/Elizabeth_Brant_(Earth-616)","No Dual Identity","Good Characters","Brown Eyes","Brown Hair","Female Characters",NA,"Living Characters",599,"Sep-63",1963
1896,"Richard Jones (Earth-616)","\/Richard_Jones_(Earth-616)","Secret Identity","Good Characters","Brown Eyes","Brown Hair","Male Characters",NA,"Living Characters",590,"May-62",1962
1496,"Edwin Jarvis (Earth-616)","\/Edwin_Jarvis_(Earth-616)","No Dual Identity","Good Characters","Blue Eyes","White Hair","Male Characters",NA,"Living Characters",567,"Nov-64",1964
1802,"Alexander Summers (Earth-616)","\/Alexander_Summers_(Earth-616)","Public Identity","Good Characters","Blue Eyes","Blond Hair","Male Characters",NA,"Living Characters",558,"Mar-69",1969
1811,"Patricia Walker (Earth-616)","\/Patricia_Walker_(Earth-616)","Secret Identity","Good Characters","Blue Eyes","Red Hair","Female Characters",NA,"Living Characters",550,"Nov-44",1944
1836,"Human Torch (Android) (Earth-616)","\/Human_Torch_(Android)_(Earth-616)","Public Identity","Good Characters","Blue Eyes","Blond Hair","Male Characters",NA,"Living Characters",548,"Oct-39",1939
2042,"Loki Laufeyson (Earth-616)","\/Loki_Laufeyson_(Earth-616)","No Dual Identity","Neutral Characters","Green Eyes","Black Hair","Genderfluid Characters","Bisexual Characters","Living Characters",532,"Aug-49",1949
1643,"Franklin Nelson (Earth-616)","\/Franklin_Nelson_(Earth-616)","No Dual Identity","Good Characters","Blue Eyes","Bald","Male Characters",NA,"Living Characters",528,"Apr-64",1964
1285,"Brian Braddock (Earth-616)","\/Brian_Braddock_(Earth-616)","Public Identity","Good Characters","Blue Eyes","Blond Hair","Male Characters",NA,"Living Characters",528,"Oct-76",1976
1453,"Otto Octavius (Earth-616)","\/Otto_Octavius_(Earth-616)","Secret Identity","Neutral Characters","Hazel Eyes","Brown Hair","Male Characters",NA,"Deceased Characters",526,"Jul-63",1963
6194,"James Rhodes (Earth-616)","\/James_Rhodes_(Earth-616)","Secret Identity","Good Characters","Brown Eyes","Brown Hair","Male Characters",NA,"Living Characters",525,"Jan-79",1979
1487,"Timothy Dugan (Earth-616)","\/Timothy_Dugan_(Earth-616)","Public Identity","Good Characters","Blue Eyes","Red Hair","Male Characters",NA,"Deceased Characters",517,"May-63",1963
1380,"Crystalia Amaquelin (Earth-616)","\/Crystalia_Amaquelin_(Earth-616)","Public Identity","Good Characters","Green Eyes","Strawberry Blond Hair","Female Characters",NA,"Living Characters",512,"Dec-65",1965
1613,"Samuel Wilson (Earth-616)","\/Samuel_Wilson_(Earth-616)","Public Identity","Good Characters","Brown Eyes","Black Hair","Male Characters",NA,"Living Characters",512,"Sep-69",1969
1931,"Wilson Fisk (Earth-616)","\/Wilson_Fisk_(Earth-616)","Public Identity","Bad Characters","Blue Eyes","Bald","Male Characters",NA,"Living Characters",503,"Jul-67",1967
1596,"Odin Borson (Earth-616)","\/Odin_Borson_(Earth-616)","Public Identity","Neutral Characters","Blue Eyes","White Hair","Male Characters",NA,"Living Characters",502,"Oct-62",1962
1409,"Deadpool (Wade Wilson)","\/Deadpool_(Wade_Wilson)","Secret Identity","Neutral Characters","Brown Eyes","Bald","Male Characters","Transvestites","Living Characters",500,"Feb-91",1991
1187,"Dane Whitman (Earth-616)","\/Dane_Whitman_(Earth-616)","Secret Identity","Good Characters","Brown Eyes","Brown Hair","Male Characters",NA,"Living Characters",478,"Dec-67",1967
1741,"Harold Osborn (Earth-616)","\/Harold_Osborn_(Earth-616)","No Dual Identity","Good Characters","Blue Eyes","Brown Hair","Male Characters",NA,"Living Characters",474,"Dec-65",1965
68416,"Franklin Richards (Earth-616)","\/Franklin_Richards_(Earth-616)","No Dual Identity","Good Characters","Blue Eyes","Blond Hair","Male Characters",NA,"Living Characters",473,"Nov-68",1968
2589,"Jessica Drew (Earth-616)","\/Jessica_Drew_(Earth-616)","Secret Identity","Good Characters","Green Eyes","Auburn Hair","Female Characters",NA,"Living Characters",471,"Feb-77",1977
2626,"Roberto da Costa (Earth-616)","\/Roberto_da_Costa_(Earth-616)","Secret Identity","Good Characters","Brown Eyes","Black Hair","Male Characters",NA,"Living Characters",464,"Nov-82",1982
2007,"Rahne Sinclair (Earth-616)","\/Rahne_Sinclair_(Earth-616)","Secret Identity","Good Characters","Green Eyes","Red Hair","Female Characters",NA,"Living Characters",448,"Nov-82",1982
1130,"Elizabeth Ross (Earth-616)","\/Elizabeth_Ross_(Earth-616)","Public Identity","Good Characters","Blue Eyes","Black Hair","Female Characters",NA,"Living Characters",446,"May-62",1962
2278,"Lorna Dane (Earth-616)","\/Lorna_Dane_(Earth-616)","Secret Identity","Good Characters","Green Eyes","Green Hair","Female Characters",NA,"Living Characters",433,"Oct-68",1968
67048,"Blaine Colt (Earth-616)","\/Blaine_Colt_(Earth-616)","Public Identity",NA,"Blue Eyes","Blond Hair","Male Characters",NA,"Deceased Characters",429,NA,NA
1705,"Johnathon Blaze (Earth-616)","\/Johnathon_Blaze_(Earth-616)","Secret Identity","Good Characters","Blue Eyes","Reddish Blond Hair","Male Characters",NA,"Living Characters",426,"Aug-72",1972
2550,"Sif (Earth-616)","\/Sif_(Earth-616)","No Dual Identity","Good Characters","Blue Eyes","Black Hair","Female Characters",NA,"Living Characters",422,"Mar-64",1964
2365,"Red Hulk (Thaddeus Ross)","\/Red_Hulk_(Thaddeus_Ross)","Public Identity","Neutral Characters","Blue Eyes","Black Hair","Male Characters",NA,"Living Characters",415,"May-62",1962
1900,"Jubilation Lee (Earth-616)","\/Jubilation_Lee_(Earth-616)","Secret Identity","Good Characters","Brown Eyes","Black Hair","Female Characters",NA,"Living Characters",408,"May-89",1989
2420,"Volstagg (Earth-616)","\/Volstagg_(Earth-616)","Public Identity","Good Characters","Blue Eyes","Red Hair","Male Characters",NA,"Living Characters",406,"Aug-65",1965
1127,"Balder Odinson (Earth-616)","\/Balder_Odinson_(Earth-616)","Secret Identity","Good Characters","Blue Eyes","Brown Hair","Male Characters",NA,"Deceased Characters",403,"Oct-62",1962
1676,"Galactus (Earth-616)","\/Galactus_(Earth-616)","Secret Identity","Neutral Characters","Brown Eyes","No Hair","Male Characters",NA,"Living Characters",390,"Mar-66",1966
1395,"Danielle Moonstar (Earth-616)","\/Danielle_Moonstar_(Earth-616)","Secret Identity","Good Characters","Brown Eyes","Black Hair","Female Characters",NA,"Living Characters",388,"Nov-82",1982
2183,"Marc Spector (Earth-616)","\/Marc_Spector_(Earth-616)","Secret Identity","Good Characters","Brown Eyes","Brown Hair","Male Characters",NA,"Living Characters",387,"Aug-75",1975
1782,"Gwendolyne Stacy (Earth-616)","\/Gwendolyne_Stacy_(Earth-616)","No Dual Identity","Good Characters","Blue Eyes","Blond Hair","Female Characters",NA,"Deceased Characters",384,"Dec-65",1965
2137,"Medusalith Amaquelin (Earth-616)","\/Medusalith_Amaquelin_(Earth-616)","Public Identity","Good Characters","Green Eyes","Red Hair","Female Characters",NA,"Living Characters",382,"Mar-65",1965
2374,"Sabretooth (Victor Creed)","\/Sabretooth_(Victor_Creed)","Secret Identity","Bad Characters","Amber Eyes","Blond Hair","Male Characters",NA,"Living Characters",382,"Aug-77",1977
2077,"Illyana Rasputina (Earth-616)","\/Illyana_Rasputina_(Earth-616)","Secret Identity","Neutral Characters","Blue Eyes","Blond Hair","Female Characters",NA,"Living Characters",380,"May-75",1975
2344,"Johann Shmidt (Earth-616)","\/Johann_Shmidt_(Earth-616)","Public Identity","Bad Characters","Blue Eyes","Blond Hair","Male Characters",NA,"Deceased Characters",376,"Aug-41",1941
1616,"Fandral (Earth-616)","\/Fandral_(Earth-616)","Secret Identity","Good Characters","Blue Eyes","Blond Hair","Male Characters",NA,"Deceased Characters",375,"Aug-65",1965
1131,"Sean Cassidy (Earth-616)","\/Sean_Cassidy_(Earth-616)","Secret Identity","Neutral Characters","Green Eyes","Strawberry Blond Hair","Male Characters",NA,"Living Characters",374,"Jan-67",1967
2487,"Thomas Raymond (Earth-616)","\/Thomas_Raymond_(Earth-616)","Secret Identity","Good Characters","Blue Eyes","Black Hair","Male Characters",NA,"Living Characters",373,"Sep-40",1940
1572,"Uatu (Earth-616)","\/Uatu_(Earth-616)","Public Identity","Good Characters","Blue Eyes","Bald","Male Characters",NA,"Deceased Characters",373,"Apr-63",1963
2239,"Richard Rider (Earth-616)","\/Richard_Rider_(Earth-616)","Public Identity","Good Characters","Brown Eyes","Brown Hair","Male Characters",NA,"Deceased Characters",373,"Sep-76",1976
1827,"Hogun (Earth-616)","\/Hogun_(Earth-616)","Public Identity","Good Characters","Grey Eyes","Black Hair","Male Characters",NA,"Living Characters",371,"Aug-65",1965
55878,"Raven Darkholme (Earth-616)","\/Raven_Darkholme_(Earth-616)","Secret Identity","Bad Characters","Yellow Eyes","Red Hair","Female Characters","Bisexual Characters","Living Characters",371,"Apr-78",1978
2173,"Barbara Morse (Earth-616)","\/Barbara_Morse_(Earth-616)","Secret Identity","Good Characters","Blue Eyes","Blond Hair","Female Characters",NA,"Living Characters",368,"Jun-71",1971
1179,"Blackagar Boltagon (Earth-616)","\/Blackagar_Boltagon_(Earth-616)","No Dual Identity","Good Characters","Blue Eyes","Black Hair","Male Characters",NA,"Living Characters",366,"Dec-65",1965
2392,"Brunnhilde (Earth-616)","\/Brunnhilde_(Earth-616)","Secret Identity","Good Characters","Blue Eyes","Blond Hair","Female Characters",NA,"Living Characters",361,"Dec-70",1970
1404,"Alison Blaire (Earth-616)","\/Alison_Blaire_(Earth-616)","Public Identity","Good Characters","Blue Eyes","Strawberry Blond Hair","Female Characters",NA,"Living Characters",353,"Feb-80",1980
18186,"Venom (Symbiote) (Earth-616)","\/Venom_(Symbiote)_(Earth-616)","Known to Authorities Identity","Neutral Characters","Variable Eyes","No Hair","Agender Characters",NA,"Living Characters",348,"May-84",1984
1586,"John Walker (Earth-616)","\/John_Walker_(Earth-616)","Secret Identity","Good Characters","Blue Eyes","Blond Hair","Male Characters",NA,"Living Characters",346,"Nov-86",1986
2440,"Greer Grant (Earth-616)","\/Greer_Grant_(Earth-616)","Public Identity","Good Characters","Green Eyes","Black Hair","Female Characters",NA,"Living Characters",342,"Nov-72",1972
2185,"Karla Sofen (Earth-616)","\/Karla_Sofen_(Earth-616)","Public Identity","Neutral Characters","Blue Eyes","Blond Hair","Female Characters",NA,"Living Characters",340,"Dec-75",1975
2382,"William Baker (Earth-616)","\/William_Baker_(Earth-616)","Secret Identity","Neutral Characters","Brown Eyes","Brown Hair","Male Characters",NA,"Living Characters",338,"Sep-63",1963
1300,"Sharon Carter (Earth-616)","\/Sharon_Carter_(Earth-616)","Public Identity","Good Characters","Blue Eyes","Blond Hair","Female Characters",NA,"Living Characters",332,"Mar-66",1966
1180,"Felicia Hardy (Earth-616)","\/Felicia_Hardy_(Earth-616)","Public Identity","Bad Characters",NA,"Blond Hair","Female Characters",NA,"Living Characters",332,"Jul-79",1979
1901,"Cain Marko (Earth-616)","\/Cain_Marko_(Earth-616)","Public Identity","Neutral Characters","Blue Eyes","Red Hair","Male Characters",NA,"Living Characters",329,"Jul-65",1965
37751,"Monica Rambeau (Earth-616)","\/Monica_Rambeau_(Earth-616)","Secret Identity","Good Characters","Brown Eyes","Black Hair","Female Characters",NA,"Living Characters",327,NA,NA
20978,"Maria Hill (Earth-616)","\/Maria_Hill_(Earth-616)","No Dual Identity","Good Characters","Brown Eyes","Black Hair","Female Characters",NA,"Living Characters",325,"Apr-05",2005
1161,"Ben Urich (Earth-616)","\/Ben_Urich_(Earth-616)","No Dual Identity","Good Characters","Brown Eyes","Brown Hair","Male Characters",NA,"Living Characters",324,"Jul-78",1978
2182,"Heather Douglas (Earth-616)","\/Heather_Douglas_(Earth-616)","Secret Identity","Good Characters","Blue Eyes","Bald","Female Characters","Bisexual Characters","Living Characters",323,"Jan-73",1973
100209,"Millicent Collins (Earth-616)","\/Millicent_Collins_(Earth-616)","Public Identity",NA,"Blue Eyes","Blond Hair","Female Characters",NA,"Living Characters",321,"Dec-45",1945
1973,"James Proudstar (Earth-616)","\/James_Proudstar_(Earth-616)","Secret Identity","Good Characters","Brown Eyes","Black Hair","Male Characters",NA,"Living Characters",320,"Jun-84",1984
1633,"Angelica Jones (Earth-616)","\/Angelica_Jones_(Earth-616)","Known to Authorities Identity","Good Characters","Green Eyes","Red Hair","Female Characters",NA,"Living Characters",319,"May-85",1985
11857,"Edward Brock (Earth-616)","\/Edward_Brock_(Earth-616)","Public Identity","Neutral Characters","Black Eyes","Blond Hair","Male Characters",NA,"Living Characters",318,"Sep-86",1986
2513,"MacDonald Gargan (Earth-616)","\/MacDonald_Gargan_(Earth-616)","Secret Identity","Bad Characters","Brown Eyes","Bald","Male Characters",NA,"Living Characters",317,"Dec-64",1964
2146,"Mephisto (Earth-616)","\/Mephisto_(Earth-616)","No Dual Identity","Bad Characters","White Eyes","Black Hair","Male Characters",NA,"Living Characters",316,"Dec-68",1968
7630,"Tabitha Smith (Earth-616)","\/Tabitha_Smith_(Earth-616)","Secret Identity","Good Characters","Blue Eyes","Blond Hair","Female Characters",NA,"Living Characters",316,"Nov-85",1985
2238,"Jean-Paul Beaubier (Earth-616)","\/Jean-Paul_Beaubier_(Earth-616)","Secret Identity","Good Characters","Blue Eyes","Black Hair","Male Characters","Homosexual Characters","Living Characters",313,"Apr-79",1979
1706,"Daniel Ketch (Earth-616)","\/Daniel_Ketch_(Earth-616)","Secret Identity","Neutral Characters","Green Eyes","Brown Hair","Male Characters",NA,"Living Characters",311,"May-90",1990
1460,"Neena Thurman (Earth-616)","\/Neena_Thurman_(Earth-616)","Secret Identity","Good Characters","Blue Eyes","Black Hair","Female Characters",NA,"Living Characters",310,"Mar-92",1992
2010,"Wong (Earth-616)","\/Wong_(Earth-616)","No Dual Identity","Good Characters","Brown Eyes","Bald","Male Characters",NA,"Living Characters",306,"Jul-63",1963
2456,"Thanos (Earth-616)","\/Thanos_(Earth-616)","No Dual Identity","Bad Characters","Red Eyes","No Hair","Male Characters",NA,"Living Characters",306,"Feb-73",1973
15282,"Shang-Chi (Earth-616)","\/Shang-Chi_(Earth-616)","No Dual Identity","Good Characters","Brown Eyes","Black Hair","Male Characters",NA,"Living Characters",296,"Dec-73",1973
4704,"Alicia Masters (Earth-616)","\/Alicia_Masters_(Earth-616)","No Dual Identity","Good Characters","Brown Eyes","Strawberry Blond Hair","Female Characters",NA,"Living Characters",293,"Nov-62",1962
5708,"Robert Baldwin (Earth-616)","\/Robert_Baldwin_(Earth-616)","Secret Identity","Good Characters","Blue Eyes","Blond Hair","Male Characters",NA,"Living Characters",293,"Sep-88",1988
1902,"Vance Astrovik (Earth-616)","\/Vance_Astrovik_(Earth-616)","Public Identity","Good Characters","Hazel Eyes","Brown Hair","Male Characters",NA,"Living Characters",290,"Jul-75",1975
6633,"Wendell Vaughn (Earth-616)","\/Wendell_Vaughn_(Earth-616)","Secret Identity","Good Characters","Blue Eyes","Blond Hair","Male Characters",NA,"Living Characters",290,"Jan-78",1978
100716,"Chili Storm (Earth-616)","\/Chili_Storm_(Earth-616)","Public Identity",NA,"Green Eyes","Red Hair","Female Characters","Homosexual Characters","Living Characters",284,"Oct-48",1948
4565,"Abner Jenkins (Earth-616)","\/Abner_Jenkins_(Earth-616)","Public Identity","Good Characters","Brown Eyes","Brown Hair","Male Characters",NA,"Living Characters",284,"Aug-64",1964
1505,"Elektra Natchios (Earth-616)","\/Elektra_Natchios_(Earth-616)","Secret Identity","Neutral Characters","Blue Eyes","Black Hair","Female Characters",NA,"Living Characters",280,"Jan-81",1981
1256,"Bullseye (Lester) (Earth-616)","\/Bullseye_(Lester)_(Earth-616)","Secret Identity","Bad Characters","Blue Eyes","Blond Hair","Male Characters",NA,"Living Characters",277,"Mar-76",1976
119507,"Forge (Earth-616)","\/Forge_(Earth-616)","Public Identity","Good Characters","Brown Eyes","Black Hair","Male Characters",NA,"Living Characters",276,"Aug-84",1984
9106,"Virginia Potts (Earth-616)","\/Virginia_Potts_(Earth-616)","No Dual Identity","Good Characters","Green Eyes","Red Hair","Female Characters",NA,"Living Characters",274,"Sep-63",1963
2383,"Walter Langkowski (Earth-616)","\/Walter_Langkowski_(Earth-616)","Secret Identity","Good Characters","Blue Eyes","Blond Hair","Male Characters",NA,"Living Characters",273,"Apr-79",1979
1733,"Gorgon (Earth-616)","\/Gorgon_(Earth-616)","Secret Identity","Good Characters","Brown Eyes","Brown Hair","Male Characters",NA,"Living Characters",272,"Nov-65",1965
37689,"James Madrox (Earth-616)","\/James_Madrox_(Earth-616)","Public Identity","Good Characters","Brown Eyes","Brown Hair","Male Characters",NA,"Living Characters",271,"Feb-75",1975
1808,"Heimdall (Earth-616)","\/Heimdall_(Earth-616)","Secret Identity","Good Characters","Grey Eyes","Brown Hair","Male Characters",NA,"Living Characters",270,"Oct-62",1962
2558,"Theresa Cassidy (Earth-616)","\/Theresa_Cassidy_(Earth-616)","Secret Identity","Good Characters","Green Eyes","Red Hair","Female Characters",NA,"Living Characters",267,"Apr-81",1981
1565,"Laura Kinney (Earth-616)","\/Laura_Kinney_(Earth-616)","Secret Identity","Good Characters","Green Eyes","Black Hair","Female Characters",NA,"Living Characters",265,"Feb-04",2004
33447,"Arthur Douglas (Earth-616)","\/Arthur_Douglas_(Earth-616)","Secret Identity","Good Characters","Blue Eyes","Brown Hair","Male Characters",NA,"Living Characters",264,"Feb-73",1973
2511,"Peter Parker (Ben Reilly) (Earth-616)","\/Peter_Parker_(Ben_Reilly)_(Earth-616)","Secret Identity","Good Characters","Hazel Eyes","Blond Hair","Male Characters",NA,"Deceased Characters",263,"Oct-75",1975
1971,"Warlock (Technarch) (Earth-616)","\/Warlock_(Technarch)_(Earth-616)","Secret Identity","Good Characters","Black Eyes","No Hair","Male Characters",NA,"Living Characters",261,"Aug-84",1984
